{
    "baseline": {
        "reward_low_FN_rate": {
            "score": -88.0,
            "threshold": 0.6000000000000001
        },
        "reward_low_FP_rate": {
            "score": -44.0,
            "threshold": 0.6000000000000001
        },
        "standard": {
            "score": -44.0,
            "threshold": 0.6000000000000001
        }
    },
    "numenta": {
        "reward_low_FN_rate": {
            "score": 2.1088326986649713,
            "threshold": 0.9999023437500006
        },
        "reward_low_FP_rate": {
            "score": 8.148046147326303,
            "threshold": 0.9999877929687505
        },
        "standard": {
            "score": 19.964830452986853,
            "threshold": 0.9999755859375006
        }
    },
    "random": {
        "reward_low_FN_rate": {
            "score": -45.889252239141754,
            "threshold": 0.9984497070312507
        },
        "reward_low_FP_rate": {
            "score": -40.59422055318891,
            "threshold": 0.9995117187500009
        },
        "standard": {
            "score": -25.889252239141747,
            "threshold": 0.9984497070312507
        }
    },
    "skyline": {
        "reward_low_FN_rate": {
            "score": -23.868653753753343,
            "threshold": 0.8000000000000003
        },
        "reward_low_FP_rate": {
            "score": -15.72844224508381,
            "threshold": 0.9000000000000006
        },
        "standard": {
            "score": -5.235267306651327,
            "threshold": 0.8000000000000003
        }
    },
    "twitterADVec": {
        "reward_low_FN_rate": {
            "score": -30.63914483,
            "threshold": 0.5
        },
        "reward_low_FP_rate": {
            "score": -12.15798656,
            "threshold": 0.5
        },
        "standard": {
            "score": -8.639144834,
            "threshold": 0.5
        }
    },
    "twitterADTs": {
        "reward_low_FN_rate": {
            "score": -39.9892525,
            "threshold": 0.5
        },
        "reward_low_FP_rate": {
            "score": -19.71923553,
            "threshold": 0.5
        },
        "standard": {
            "score": -14.9892525,
            "threshold": 0.5
        }
    }
}
