{
    "null": {
        "reward_low_FN_rate": {
            "score": -88.0,
            "threshold": 0.6000000000000001
        },
        "reward_low_FP_rate": {
            "score": -44.0,
            "threshold": 0.6000000000000001
        },
        "standard": {
            "score": -44.0,
            "threshold": 0.6000000000000001
        }
    },
    "numenta": {
        "reward_low_FN_rate": {
            "score": 9.432068022614288,
            "threshold": 0.5126953125
        },
        "reward_low_FP_rate": {
            "score": 19.920558339682692,
            "threshold": 0.5125976562500002
        },
        "standard": {
            "score": 35.432068022614295,
            "threshold": 0.5126953125
        }
    },
    "random": {
        "reward_low_FN_rate": {
            "score": -45.889252239141754,
            "threshold": 0.9984497070312507
        },
        "reward_low_FP_rate": {
            "score": -40.59422055318891,
            "threshold": 0.9995117187500009
        },
        "standard": {
            "score": -25.889252239141747,
            "threshold": 0.9984497070312507
        }
    },
    "skyline": {
        "reward_low_FN_rate": {
            "score": -77.20605964639174,
            "threshold": 0.8031250000000002
        },
        "reward_low_FP_rate": {
            "score": -53.17159266153103,
            "threshold": 0.8996093750000005
        },
        "standard": {
            "score": -33.206059646391715,
            "threshold": 0.8031250000000002
        }
    },
    "twitterADTs": {
        "reward_low_FN_rate": {
            "score": -39.9892525,
            "threshold": 0.5
        },
        "reward_low_FP_rate": {
            "score": -19.71923553,
            "threshold": 0.5
        },
        "standard": {
            "score": -14.9892525,
            "threshold": 0.5
        }
    },
    "twitterADVec": {
        "reward_low_FN_rate": {
            "score": -30.63914483,
            "threshold": 0.5
        },
        "reward_low_FP_rate": {
            "score": -12.15798656,
            "threshold": 0.5
        },
        "standard": {
            "score": -8.639144834,
            "threshold": 0.5
        }
    }
}