{
    "bayesChangePt": {
        "reward_low_FN_rate": {
            "score": -128.49158640615104,
            "threshold": 0.981366459627
        },
        "reward_low_FP_rate": {
            "score": -104.12068400168738,
            "threshold": 0.997983870968
        },
        "standard": {
            "score": -78.54771098147094,
            "threshold": 0.990909090909
        }
    },
    "null": {
        "reward_low_FN_rate": {
            "score": -232.0,
            "threshold": 2.0
        },
        "reward_low_FP_rate": {
            "score": -116.0,
            "threshold": 2.0
        },
        "standard": {
            "score": -116.0,
            "threshold": 2.0
        }
    },
    "numenta": {
        "reward_low_FN_rate": {
            "score": -3.7791855428217764,
            "threshold": 0.5246505553199999
        },
        "reward_low_FP_rate": {
            "score": 9.1214060956322,
            "threshold": 0.544952187004
        },
        "standard": {
            "score": 23.02877988362196,
            "threshold": 0.544952187004
        }
    },
    "numentaTM": {
        "reward_low_FN_rate": {
            "score": -15.302014998860468,
            "threshold": 0.504760604698
        },
        "reward_low_FP_rate": {
            "score": -3.36609434271987,
            "threshold": 0.565666370505
        },
        "standard": {
            "score": 12.69798500113981,
            "threshold": 0.504760604698
        }
    },
    "random": {
        "reward_low_FN_rate": {
            "score": -140.03488001793028,
            "threshold": 0.998405097835
        },
        "reward_low_FP_rate": {
            "score": -99.78442912134875,
            "threshold": 0.999595043934
        },
        "standard": {
            "score": -77.16819524795812,
            "threshold": 0.9994451352600001
        }
    },
    "skyline": {
        "reward_low_FN_rate": {
            "score": -119.5808108447919,
            "threshold": 1.0
        },
        "reward_low_FP_rate": {
            "score": -63.1761468671044,
            "threshold": 1.0
        },
        "standard": {
            "score": -50.58081084479084,
            "threshold": 1.0
        }
    },
    "twitterADVec": {
        "reward_low_FN_rate": {
            "score": -73.5759313729816,
            "threshold": 1
        },
        "reward_low_FP_rate": {
            "score": -65.78435239488697,
            "threshold": 1
        },
        "standard": {
            "score": -34.5759313729797,
            "threshold": 1
        }
    },
    "windowedGaussian": {
        "reward_low_FN_rate": {
            "score": -139.45227714617963,
            "threshold": 1.0
        },
        "reward_low_FP_rate": {
            "score": -116.0,
            "threshold": 2.0
        },
        "standard": {
            "score": -85.45227714617614,
            "threshold": 1.0
        }
    }
}