{
    "bayesChangePt": {
        "reward_low_FN_rate": {
            "score": -119.7471580442638,
            "threshold": 0.9813537597656257
        },
        "reward_low_FP_rate": {
            "score": -108.56073591812678,
            "threshold": 0.9945251464843755
        },
        "standard": {
            "score": -74.9034705754507,
            "threshold": 0.9845962524414067
        }
    },
    "expose": {
        "reward_low_FN_rate": {
            "score": -138.31510519385375,
            "threshold": 0.9935243606567389
        },
        "reward_low_FP_rate": {
            "score": -108.5970398319597,
            "threshold": 0.9999267578125005
        },
        "standard": {
            "score": -77.86692739970123,
            "threshold": 0.9947875976562506
        }
    },
    "relativeEntropy": {
        "reward_low_FN_rate": {
            "score": -27.2288224715,
            "threshold": 0.5
        },
        "reward_low_FP_rate": {
            "score": -5.57182391716,
            "threshold": 0.5
        },
        "standard": {
            "score": 10.7711775285,
            "threshold": 0.5
        }
    },
    "null": {
        "reward_low_FN_rate": {
            "score": -232.0,
            "threshold": 0.6250000000000001
        },
        "reward_low_FP_rate": {
            "score": -116.0,
            "threshold": 0.6250000000000001
        },
        "standard": {
            "score": -116.0,
            "threshold": 0.6250000000000001
        }
    },
    "numenta": {
        "reward_low_FN_rate": {
            "score": 9.638038476183745,
            "threshold": 0.5218505859374999
        },
        "reward_low_FP_rate": {
            "score": 20.322843547289906,
            "threshold": 0.5312498092651368
        },
        "standard": {
            "score": 35.638038476183745,
            "threshold": 0.52186279296875
        }
    },
    "numentaTM": {
        "reward_low_FN_rate": {
            "score": -4.682023383551243,
            "threshold": 0.48872070312500016
        },
        "reward_low_FP_rate": {
            "score": 4.501624059009296,
            "threshold": 0.54091796875
        },
        "standard": {
            "score": 23.317976616448757,
            "threshold": 0.48872070312500016
        }
    },
    "random": {
        "reward_low_FN_rate": {
            "score": -45.889252239141754,
            "threshold": 0.9984497070312507
        },
        "reward_low_FP_rate": {
            "score": -40.59422055318891,
            "threshold": 0.9995117187500009
        },
        "standard": {
            "score": -25.889252239141747,
            "threshold": 0.9984497070312507
        }
    },
    "skyline": {
        "reward_low_FN_rate": {
            "score": -77.20605964639174,
            "threshold": 0.8031250000000002
        },
        "reward_low_FP_rate": {
            "score": -53.17159266153103,
            "threshold": 0.8996093750000005
        },
        "standard": {
            "score": -33.206059646391715,
            "threshold": 0.8031250000000002
        }
    },
    "twitterADVec": {
        "reward_low_FN_rate": {
            "score": -30.63914483,
            "threshold": 0.5
        },
        "reward_low_FP_rate": {
            "score": -12.15798656,
            "threshold": 0.5
        },
        "standard": {
            "score": -8.639144834,
            "threshold": 0.5
        }
    },
    "windowedGaussian": {
        "reward_low_FN_rate": {
            "score": -98.7538610655,
            "threshold": 1.0
        },
        "reward_low_FP_rate": {
            "score": -87.9970284629,
            "threshold": 1.0
        },
        "standard": {
            "score": -44.7538610655,
            "threshold": 1.0
        }
    }
}
