{
    "numenta": {
        "reward low FN rate": {
            "score": 17.30214002766833,
            "threshold": 0.9999755859375006
        },
        "reward low FP rate": {
            "score": 18.37220947661779,
            "threshold": 0.9999877929687505
        },
        "standard": {
            "score": 19.964830452986853,
            "threshold": 0.9999755859375006
        },
        "type1error": {
            "score": -100.36462756695701,
            "threshold": 0.9999877929687505
        },
        "type2error": {
            "score": -18.18954162856387,
            "threshold": 0.9999877929687505
        }
    },
    "random": {
        "reward low FN rate": {
            "score": -20.43950259121246,
            "threshold": 0.9965820312500006
        },
        "reward low FP rate": {
            "score": -21.0,
            "threshold": 0.9999511718750007
        },
        "standard": {
            "score": -25.88925223914175,
            "threshold": 0.9984497070312507
        },
        "type1error": {
            "score": -21.5,
            "threshold": 0.9999511718750007
        },
        "type2error": {
            "score": -86.0,
            "threshold": 0.9999511718750007
        }
    },
    "skyline": {
        "reward low FN rate": {
            "score": -17.46533695215545,
            "threshold": 0.8000000000000003
        },
        "reward low FP rate": {
            "score": -2.2284422450838086,
            "threshold": 0.9000000000000006
        },
        "standard": {
            "score": -5.235267306651327,
            "threshold": 0.8000000000000003
        },
        "type1error": {
            "score": -30.465805595628787,
            "threshold": 0.9000000000000006
        },
        "type2error": {
            "score": -48.49008188446506,
            "threshold": 0.9000000000000006
        }
    }
}