{
    "bayesChangePt": {
        "reward_low_FN_rate": {
            "score": -119.7471580442638,
            "threshold": 0.9813537597656257
        },
        "reward_low_FP_rate": {
            "score": -108.56073591812678,
            "threshold": 0.9945251464843755
        },
        "standard": {
            "score": -74.9034705754507,
            "threshold": 0.9845962524414067
        }
    },
    "null": {
        "reward_low_FN_rate": {
            "score": -232.0,
            "threshold": 0.6250000000000001
        },
        "reward_low_FP_rate": {
            "score": -116.0,
            "threshold": 0.6250000000000001
        },
        "standard": {
            "score": -116.0,
            "threshold": 0.6250000000000001
        }
    },
    "numenta": {
        "reward_low_FN_rate": {
            "score": 9.432068022614288,
            "threshold": 0.5126953125
        },
        "reward_low_FP_rate": {
            "score": 19.920558339682692,
            "threshold": 0.5125976562500002
        },
        "standard": {
            "score": 35.432068022614295,
            "threshold": 0.5126953125
        }
    },
    "numentaTM": {
        "reward_low_FN_rate": {
            "score": -2.001699542878321,
            "threshold": 0.5
        },
        "reward_low_FP_rate": {
            "score": 5.5435154724804185,
            "threshold": 0.549999237060547
        },
        "standard": {
            "score": 25.99830045712168,
            "threshold": 0.5
        }
    },
    "random": {
        "reward_low_FN_rate": {
            "score": -45.889252239141754,
            "threshold": 0.9984497070312507
        },
        "reward_low_FP_rate": {
            "score": -40.59422055318891,
            "threshold": 0.9995117187500009
        },
        "standard": {
            "score": -25.889252239141747,
            "threshold": 0.9984497070312507
        }
    },
    "skyline": {
        "reward_low_FN_rate": {
            "score": -77.20605964639174,
            "threshold": 0.8031250000000002
        },
        "reward_low_FP_rate": {
            "score": -53.17159266153103,
            "threshold": 0.8996093750000005
        },
        "standard": {
            "score": -33.206059646391715,
            "threshold": 0.8031250000000002
        }
    },
    "twitterADVec": {
        "reward_low_FN_rate": {
            "score": -30.63914483,
            "threshold": 0.5
        },
        "reward_low_FP_rate": {
            "score": -12.15798656,
            "threshold": 0.5
        },
        "standard": {
            "score": -8.639144834,
            "threshold": 0.5
        }
    },
    "windowedGaussian": {
        "reward_low_FN_rate": {
            "score": -127.16881016907034,
            "threshold": 0.9999998092651373
        },
        "reward_low_FP_rate": {
            "score": -176.80116502414384,
            "threshold": 0.9999998092651373
        },
        "standard": {
            "score": -81.16881016907035,
            "threshold": 0.9999998092651373
        }
    }
}