{
    "numenta": {
        "standard": {
            "score": -41.58123694136158,
            "threshold": 0.9999877929687505
        }
    },
    "random": {
        "standard": {
            "score": -43.0,
            "threshold": 0.9999511718750007
        }
    },
    "skyline": {
        "standard": {
            "score": -28.981989788186304,
            "threshold": 0.9000000000000006
        }
    }
}