{
    "baseline": {
        "reward_low_FN_rate": {
            "score": -88.0,
            "threshold": 0.6000000000000001
        },
        "reward_low_FP_rate": {
            "score": -44.0,
            "threshold": 0.6000000000000001
        },
        "standard": {
            "score": -44.0,
            "threshold": 0.6000000000000001
        }
    },
    "numenta": {
        "reward_low_FN_rate": {
            "score": 10.305974147007882,
            "threshold": 0.5
        },
        "reward_low_FP_rate": {
            "score": 9.877035526285063,
            "threshold": 0.5
        },
        "standard": {
            "score": 17.305974147007884,
            "threshold": 0.5
        }
    },
    "random": {
        "reward_low_FN_rate": {
            "score": -45.889252239141754,
            "threshold": 0.9984497070312507
        },
        "reward_low_FP_rate": {
            "score": -40.59422055318891,
            "threshold": 0.9995117187500009
        },
        "standard": {
            "score": -25.889252239141747,
            "threshold": 0.9984497070312507
        }
    },
    "skyline": {
        "reward_low_FN_rate": {
            "score": -17.46533695215545,
            "threshold": 0.8000000000000003
        },
        "reward_low_FP_rate": {
            "score": -2.2284422450838086,
            "threshold": 0.9000000000000006
        },
        "standard": {
            "score": -5.235267306651327,
            "threshold": 0.8000000000000003
        }
    },
    "twitterADTs": {
        "reward_low_FN_rate": {
            "score": -39.9892525,
            "threshold": 0.5
        },
        "reward_low_FP_rate": {
            "score": -19.71923553,
            "threshold": 0.5
        },
        "standard": {
            "score": -14.9892525,
            "threshold": 0.5
        }
    },
    "twitterADVec": {
        "reward_low_FN_rate": {
            "score": -30.63914483,
            "threshold": 0.5
        },
        "reward_low_FP_rate": {
            "score": -12.15798656,
            "threshold": 0.5
        },
        "standard": {
            "score": -8.639144834,
            "threshold": 0.5
        }
    }
}