{
  "numenta": {
      "username": {
        "score": -85.98640653844967,
        "threshold": 0.9999877929687505
      }
    },
  "skyline": {
      "username": {
        "score": -47.52393011541706,
        "threshold": 0.9000000000000006
      }
    }
}
