{
    "knncad": {
        "reward_low_FN_rate": 64.81232086001505,
        "reward_low_FP_rate": 43.40851703291233,
        "standard": 57.99434335898808
    },
    "contextOSE": {
        "reward_low_FN_rate": 73.18167250416667,
        "reward_low_FP_rate": 66.97713919047413,
        "standard": 69.89956896844828
    },
    "expose": {
        "reward_low_FN_rate": 26.920946783333335,
        "reward_low_FP_rate": 3.1909311068965485,
        "standard": 16.43666922426724
    },
    "null": {
        "reward_low_FN_rate": 0.0,
        "reward_low_FP_rate": 0.0,
        "standard": 0.0
    },
    "numenta": {
        "reward_low_FN_rate": 69.436217952925276,
        "reward_low_FP_rate": 58.759846356594835,
        "standard": 65.361223481120689
    },
    "numentaTM": {
        "reward_low_FN_rate": 65.274358381459763,
        "reward_low_FP_rate": 52.190880769133621,
        "standard": 59.980503089439658
    },
    "random": {
        "reward_low_FN_rate": 25.876351314080456,
        "reward_low_FP_rate": 5.763682319827586,
        "standard": 16.831768350517237
    },
    "relativeEntropy": {
        "reward_low_FN_rate": 58.84229239324713,
        "reward_low_FP_rate": 47.598351759844824,
        "standard": 54.64274893469828
    },
    "skyline": {
        "reward_low_FN_rate": 44.4810173429885,
        "reward_low_FP_rate": 27.08121005969828,
        "standard": 35.687043255862065
    },
    "twitterADVec": {
        "reward_low_FN_rate": 53.50107495100574,
        "reward_low_FP_rate": 33.610051641206894,
        "standard": 47.06195725408189
    },
    "windowedGaussian": {
        "reward_low_FN_rate": 47.4100271583046,
        "reward_low_FP_rate": 20.86798582474138,
        "standard": 39.649523496077585
    }
}