{
    "htmjava": {
        "reward_low_FN_rate": 63.01327959037356,
        "reward_low_FP_rate": 48.215470649103445,
        "standard": 57.458582584008624
    },
    "null": {
        "reward_low_FN_rate": 0.0,
        "reward_low_FP_rate": 0.0,
        "standard": 0.0
    }
}