{
    "bayesChangePt": {
        "reward_low_FN_rate": 32.256563780459771,
        "reward_low_FP_rate": 3.2065793456896587,
        "standard": 17.714021303663792
    },
    "null": {
        "reward_low_FN_rate": 0.0,
        "reward_low_FP_rate": 0.0,
        "standard": 0.0
    },
    "numenta": {
        "reward_low_FN_rate": 69.37703104097989,
        "reward_low_FP_rate": 58.58644756021552,
        "standard": 65.27244311318965
    },
    "numentaTM": {
        "reward_low_FN_rate": 66.09146564859769,
        "reward_low_FP_rate": 52.389446324344824,
        "standard": 61.20616399012932
    },
    "random": {
        "reward_low_FN_rate": 25.876351314080456,
        "reward_low_FP_rate": 5.763682319827586,
        "standard": 16.831768350517237
    },
    "skyline": {
        "reward_low_FN_rate": 44.4810173429885,
        "reward_low_FP_rate": 27.08121005969828,
        "standard": 35.687043255862065
    },
    "twitterADVec": {
        "reward_low_FN_rate": 53.50107495100574,
        "reward_low_FP_rate": 33.610051641206894,
        "standard": 47.06195725408189
    },
    "windowedGaussian": {
        "reward_low_FN_rate": 30.123905123850577,
        "reward_low_FP_rate": -26.207398717241393,
        "standard": 15.013443892629311
    }
}